,1,52,825,1027,1839,2010,3408,4172,4687,5426,other_total_market_cap,global
2013-04-29,1491167008.9733124,0.0,0.0,0.0,0.0,0.0,0.0,0.0,0.0,0.0,92272991.0266876,1583440000.0
2013-05-06,1289471476.3225555,0.0,0.0,0.0,0.0,0.0,0.0,0.0,0.0,0.0,81408523.6774445,1370880000.0
2013-05-13,1279976295.2480316,0.0,0.0,0.0,0.0,0.0,0.0,0.0,0.0,0.0,75553688.7519684,1355529984.0
2013-05-20,1368906875.0,0.0,0.0,0.0,0.0,0.0,0.0,0.0,0.0,0.0,76133125.0,1445040000.0
2013-05-27,1495523737.5,0.0,0.0,0.0,0.0,0.0,0.0,0.0,0.0,0.0,77806310.5,1573330048.0
2013-06-03,1376180312.5,0.0,0.0,0.0,0.0,0.0,0.0,0.0,0.0,0.0,60979623.5,1437159936.0
2013-06-10,1131570787.3334885,0.0,0.0,0.0,0.0,0.0,0.0,0.0,0.0,0.0,60229276.6665115,1191800064.0
2013-06-17,1128715172.2400665,0.0,0.0,0.0,0.0,0.0,0.0,0.0,0.0,0.0,47954779.7599335,1176669952.0
2013-06-24,1222026948.688507,0.0,0.0,0.0,0.0,0.0,0.0,0.0,0.0,0.0,69423035.311493,1291449984.0
2013-07-01,1107131002.0048141,0.0,0.0,0.0,0.0,0.0,0.0,0.0,0.0,0.0,65838981.9951859,1172969984.0
2013-07-08,870912250.6433487,0.0,0.0,0.0,0.0,0.0,0.0,0.0,0.0,0.0,60974725.3566513,931886976.0
2013-07-15,1068522174.4451523,0.0,0.0,0.0,0.0,0.0,0.0,0.0,0.0,0.0,71437889.5548477,1139960064.0
2013-07-22,1053002220.7248688,0.0,0.0,0.0,0.0,0.0,0.0,0.0,0.0,0.0,63537811.2751312,1116540032.0
2013-07-29,1131339022.5717545,0.0,0.0,0.0,0.0,0.0,0.0,0.0,0.0,0.0,87981041.4282455,1219320064.0
2013-08-05,1209521263.6024475,45928353.52076912,0.0,0.0,0.0,0.0,0.0,0.0,0.0,0.0,81670382.87678339,1337120000.0
2013-08-12,1211791875.0,34511045.8154068,0.0,0.0,0.0,0.0,0.0,0.0,0.0,0.0,69857079.1845932,1316160000.0
2013-08-19,1312158046.2135315,43678233.03071594,0.0,0.0,0.0,0.0,0.0,0.0,0.0,0.0,76593672.75575256,1432429952.0
2013-08-26,1417199162.9196167,47719524.89089966,0.0,0.0,0.0,0.0,0.0,0.0,0.0,0.0,77291360.18948364,1542210048.0
2013-09-02,1613597804.8339844,45334637.15245342,0.0,0.0,0.0,0.0,0.0,0.0,0.0,0.0,66117542.01356218,1725049984.0
2013-09-09,1422176276.6231537,48417799.73300171,0.0,0.0,0.0,0.0,0.0,0.0,0.0,0.0,71115875.64384459,1541709952.0
2013-09-16,1531820995.1446533,50785733.71592331,0.0,0.0,0.0,0.0,0.0,0.0,0.0,0.0,66033271.13942339,1648640000.0
2013-09-23,1513944618.3506012,81265761.13004494,0.0,0.0,0.0,0.0,0.0,0.0,0.0,0.0,76289652.51935387,1671500032.0
2013-09-30,1614348004.4075012,100459589.39612961,0.0,0.0,0.0,0.0,0.0,0.0,0.0,0.0,67932374.19636919,1782739968.0
2013-10-07,1527762511.7965698,75587712.86523056,0.0,0.0,0.0,0.0,0.0,0.0,0.0,0.0,61289775.33819964,1664640000.0
2013-10-14,1648465923.820877,66332367.57738876,0.0,0.0,0.0,0.0,0.0,0.0,0.0,0.0,69911724.60173424,1784710016.0
2013-10-21,2075575236.2365723,52433484.39620018,0.0,0.0,0.0,0.0,0.0,0.0,0.0,0.0,64681199.36722752,2192689920.0
2013-10-28,2337096631.970215,53430570.54460716,0.0,0.0,0.0,0.0,0.0,0.0,0.0,0.0,68792861.48517784,2459320064.0
2013-11-04,2564065445.2430725,55876520.19875336,0.0,0.0,0.0,0.0,0.0,0.0,0.0,0.0,87337906.55817413,2707279872.0
2013-11-11,3896133973.8464355,67191617.54549217,0.0,0.0,0.0,0.0,0.0,0.0,0.0,0.0,100074344.60807233,4063399936.0
2013-11-18,5961504811.29837,80536316.4243393,0.0,0.0,0.0,0.0,0.0,0.0,0.0,0.0,129979096.2772907,6172020224.0
2013-11-25,9302271683.532715,91799303.81690598,0.0,0.0,0.0,0.0,0.0,0.0,0.0,0.0,388408884.650379,9782479872.0
2013-12-02,11478311241.82129,409530011.07442474,0.0,0.0,0.0,0.0,0.0,0.0,0.0,0.0,1246259227.1042852,13134100480.0
2013-12-09,9602479382.333374,284264088.5045929,0.0,0.0,0.0,0.0,0.0,0.0,0.0,0.0,940457041.1620331,10827200512.0
2013-12-16,10676620439.015198,228375045.024971,0.0,0.0,0.0,0.0,0.0,0.0,0.0,0.0,1149804899.959831,12054800384.0
2013-12-23,7455667854.309082,168639403.01680756,0.0,0.0,0.0,0.0,0.0,0.0,0.0,0.0,634822598.6741104,8259129856.0
2013-12-30,9037000601.14441,211515650.96548462,0.0,0.0,0.0,0.0,0.0,0.0,0.0,0.0,1078584163.8901055,10327100416.0
2014-01-06,11410379147.447205,197773723.81085587,0.0,0.0,0.0,0.0,0.0,0.0,0.0,0.0,1267547352.741939,12875700224.0
2014-01-13,10541542460.91919,171688006.43884277,0.0,0.0,0.0,0.0,0.0,0.0,0.0,0.0,1051869052.6419672,11765099520.0
2014-01-20,10704830267.202759,163282059.9568863,0.0,0.0,0.0,0.0,0.0,0.0,0.0,0.0,1135488056.8403547,12003600384.0
2014-01-27,10894423689.324951,157241411.74408722,0.0,0.0,0.0,0.0,0.0,0.0,0.0,0.0,1163135282.9309618,12214800384.0
2014-02-03,10174133094.992065,168326291.8711853,0.0,0.0,0.0,0.0,0.0,0.0,0.0,0.0,1074540549.1367497,11416999936.0
2014-02-10,8431675750.640869,135726706.45104218,0.0,0.0,0.0,0.0,0.0,0.0,0.0,0.0,866977830.9080888,9434380288.0
2014-02-17,7620582454.431152,119537147.73652267,0.0,0.0,0.0,0.0,0.0,0.0,0.0,0.0,857330125.8323253,8597449728.0
2014-02-24,7537076790.734863,120485538.70908737,0.0,0.0,0.0,0.0,0.0,0.0,0.0,0.0,855537446.5560496,8513099776.0
2014-03-03,7013055761.564636,106244944.70364189,0.0,0.0,0.0,0.0,0.0,0.0,0.0,0.0,906329501.7317221,8025630208.0
2014-03-10,7950816297.53418,114829165.9135437,0.0,0.0,0.0,0.0,0.0,0.0,0.0,0.0,1074685032.5522764,9140330496.0
2014-03-17,7901042491.983032,111814098.67271805,0.0,0.0,0.0,0.0,0.0,0.0,0.0,0.0,981243633.34425,8994100224.0
2014-03-24,7061377145.251465,99053123.02091217,0.0,0.0,0.0,0.0,0.0,0.0,0.0,0.0,941079875.7276229,8101510144.0
2014-03-31,5816914285.171509,75654239.154356,0.0,0.0,0.0,0.0,0.0,0.0,0.0,0.0,618531379.674135,6511099904.0
2014-04-07,5821162238.774109,64598388.28355026,0.0,0.0,0.0,0.0,0.0,0.0,0.0,0.0,587599244.9423407,6473359872.0
2014-04-14,5244345091.236877,46878783.16696358,0.0,0.0,0.0,0.0,0.0,0.0,0.0,0.0,494045885.5961594,5785269760.0
2014-04-21,6307454584.918213,48515357.54716301,0.0,0.0,0.0,0.0,0.0,0.0,0.0,0.0,670219881.534624,7026189824.0
2014-04-28,5470650460.922241,37559001.23046684,0.0,0.0,0.0,0.0,0.0,0.0,0.0,0.0,525410505.8472922,6033619968.0
2014-05-05,5534139929.466248,39144677.93920612,0.0,0.0,0.0,0.0,0.0,0.0,0.0,0.0,540905216.5945458,6114189824.0
2014-05-12,5591520314.794922,44946597.46996021,0.0,0.0,0.0,0.0,0.0,0.0,0.0,0.0,559073055.7351178,6195539968.0
2014-05-19,5703762172.515106,46906956.908429146,0.0,0.0,0.0,0.0,0.0,0.0,0.0,0.0,558580918.5764649,6309250048.0
2014-05-26,7322873545.275879,28672664.9708333,0.0,0.0,0.0,0.0,0.0,0.0,0.0,0.0,678113949.7532877,8029660160.0
2014-06-02,8086619161.5234375,31940940.937208176,0.0,0.0,0.0,0.0,0.0,0.0,0.0,0.0,693140121.5393543,8811700224.0
2014-06-09,8439072805.389404,31050877.873386383,0.0,0.0,0.0,0.0,0.0,0.0,0.0,0.0,662105948.7372097,9132229632.0
2014-06-16,7645644474.316406,32893969.89228058,0.0,0.0,0.0,0.0,0.0,0.0,0.0,0.0,616991539.7913134,8295529984.0
2014-06-23,7787154930.477905,32723627.789048195,0.0,0.0,0.0,0.0,0.0,0.0,0.0,0.0,630191457.7330468,8450070016.0
2014-06-30,7812042911.380005,31372387.626265526,0.0,0.0,0.0,0.0,0.0,0.0,0.0,0.0,560074492.9937295,8403489792.0
2014-07-07,8253713718.658447,21960264.695806503,0.0,0.0,0.0,0.0,0.0,0.0,0.0,0.0,508076160.6457465,8783750144.0
2014-07-14,8155149531.25,33664835.30856943,0.0,0.0,0.0,0.0,0.0,0.0,0.0,0.0,543185889.4414306,8732000256.0
2014-07-21,8138524773.953247,42080453.46650982,0.0,0.0,0.0,0.0,0.0,0.0,0.0,0.0,541894356.5802432,8722499584.0
2014-07-28,7765045722.738647,49695188.7639792,0.0,0.0,0.0,0.0,0.0,0.0,0.0,0.0,500898896.4973738,8315639808.0
2014-08-04,7677845259.356689,43025925.1064635,0.0,0.0,0.0,0.0,0.0,0.0,0.0,0.0,506359023.5368475,8227230208.0
2014-08-11,7760291956.115723,41056899.15666502,0.0,0.0,0.0,0.0,0.0,0.0,0.0,0.0,459681032.72761196,8261029888.0
2014-08-18,6465209602.4383545,42740407.927755244,0.0,0.0,0.0,0.0,0.0,0.0,0.0,0.0,326799941.6338903,6834749952.0
2014-08-25,6700098607.670593,42524758.81674952,0.0,0.0,0.0,0.0,0.0,0.0,0.0,0.0,416356729.51265746,7158980096.0
2014-09-01,6313124152.076721,141640891.28061858,0.0,0.0,0.0,0.0,0.0,0.0,0.0,0.0,391385100.64266044,6846150144.0
2014-09-08,6379403733.172607,136308704.6298347,0.0,0.0,0.0,0.0,0.0,0.0,0.0,0.0,431267402.1975583,6946979840.0
2014-09-15,6339090877.085114,148636904.94312072,0.0,0.0,0.0,0.0,0.0,0.0,0.0,0.0,474532185.9717653,6962259968.0
2014-09-22,5307361588.666534,132223261.05693276,0.0,0.0,0.0,0.0,0.0,0.0,0.0,0.0,419615150.27653325,5859200000.0
2014-09-29,5022364916.041565,153048137.54599985,0.0,0.0,0.0,0.0,0.0,0.0,0.0,0.0,424076994.4124352,5599490048.0
2014-10-06,4277427570.227051,138492762.75273472,0.0,0.0,0.0,0.0,0.0,0.0,0.0,0.0,372649779.02021426,4788570112.0
2014-10-13,5055283159.8098755,140689537.09616336,0.0,0.0,0.0,0.0,0.0,0.0,0.0,0.0,400897447.0939611,5596870144.0
2014-10-20,5216564953.132629,143362751.2350679,0.0,0.0,0.0,0.0,0.0,0.0,0.0,0.0,398832231.6323031,5758759936.0
2014-10-27,4764013751.013184,131794459.84133546,0.0,0.0,0.0,0.0,0.0,0.0,0.0,0.0,362101549.1454805,5257909760.0
2014-11-03,4380942302.883911,135043440.68723375,0.0,0.0,0.0,0.0,0.0,0.0,0.0,0.0,322364080.42885524,4838349824.0
2014-11-10,4884494937.3046875,142616206.49632472,0.0,0.0,0.0,0.0,0.0,0.0,0.0,0.0,358768920.1989878,5385880064.0
2014-11-17,5245999858.861542,150186947.42953533,0.0,0.0,0.0,0.0,0.0,0.0,0.0,0.0,368883017.7089227,5765069824.0
2014-11-24,4966079079.814148,265429262.7400706,0.0,0.0,0.0,0.0,0.0,0.0,0.0,0.0,363341449.4457814,5594849792.0
2014-12-01,5128691628.189087,345987244.686888,0.0,0.0,0.0,0.0,0.0,0.0,0.0,0.0,372641191.124025,5847320064.0
2014-12-08,5093175180.496979,456824663.4789152,0.0,0.0,0.0,0.0,0.0,0.0,0.0,0.0,386660124.0241058,5936659968.0
2014-12-15,4781555061.856842,528529039.3636945,0.0,0.0,0.0,0.0,0.0,0.0,0.0,0.0,363546106.7794635,5673630208.0
2014-12-22,4376893000.846863,770427639.4334733,0.0,0.0,0.0,0.0,0.0,0.0,0.0,0.0,454329535.7196637,5601650176.0
2014-12-29,4339695193.963623,736586773.728922,0.0,0.0,0.0,0.0,0.0,0.0,0.0,0.0,493157776.307455,5569439744.0
2015-01-05,3628493636.69281,586819716.1714941,0.0,0.0,0.0,0.0,0.0,0.0,0.0,0.0,328906807.1356959,4544220160.0
2015-01-12,3649972765.979004,581825045.9305644,0.0,0.0,0.0,0.0,0.0,0.0,0.0,0.0,306702284.0904316,4538500096.0
2015-01-19,2905412014.442444,485017960.83848476,0.0,0.0,0.0,0.0,0.0,0.0,0.0,0.0,263570152.71907124,3654000128.0
2015-01-26,3496652081.761551,513811417.4404919,0.0,0.0,0.0,0.0,0.0,0.0,0.0,0.0,314736372.7979571,4325199872.0
2015-02-02,3123002565.3427124,437941429.60470915,0.0,0.0,0.0,0.0,0.0,0.0,0.0,0.0,262386053.05257845,3823330048.0
2015-02-09,3086216080.8906555,460452508.53698206,0.0,0.0,0.0,0.0,0.0,0.0,0.0,0.0,250331346.57236245,3796999936.0
2015-02-16,3250246571.0601807,438597621.6646352,0.0,0.0,0.0,0.0,0.0,0.0,0.0,0.0,256065887.2751841,3944910080.0
2015-02-23,3272877197.2351074,418779221.66727984,0.0,0.0,0.0,0.0,0.0,0.0,0.0,0.0,247003677.09761277,3938660096.0
2015-03-02,3617339658.164978,390343976.14107823,143726.34043693542,0.0,0.0,0.0,0.0,0.0,0.0,0.0,276492639.3535068,4284320000.0
2015-03-09,3825259464.0625,317904935.34438837,251600.0,0.0,0.0,0.0,0.0,0.0,0.0,0.0,266014016.59311163,4409430016.0
2015-03-16,3983756725.9399414,345403169.27469105,251600.0,0.0,0.0,0.0,0.0,0.0,0.0,0.0,269228632.78536755,4598640128.0
2015-03-23,3742292198.815155,325392261.55102724,251600.0,0.0,0.0,0.0,0.0,0.0,0.0,0.0,266474179.63381776,4334410240.0
2015-03-30,3399503919.7551727,271202644.1499776,251600.0,0.0,0.0,0.0,0.0,0.0,0.0,0.0,249981868.0948497,3920940032.0
2015-04-06,3655987365.8485413,279160066.02232724,251600.0,0.0,0.0,0.0,0.0,0.0,0.0,0.0,249920904.12913147,4185319936.0
2015-04-13,3314279245.547104,274804482.13384545,251600.0,0.0,0.0,0.0,0.0,0.0,0.0,0.0,221624544.31905055,3810959872.0
2015-04-20,3132401718.1518555,250205126.89969411,251600.0,0.0,0.0,0.0,0.0,0.0,0.0,0.0,212181554.9484504,3595040000.0
2015-04-27,3093209736.5509033,247027857.90097132,251600.0,0.0,0.0,0.0,0.0,0.0,0.0,0.0,204310805.5481254,3544800000.0
2015-05-04,3394133213.5471344,257092404.32435995,251600.0,0.0,0.0,0.0,0.0,0.0,0.0,0.0,212302878.12850565,3863780096.0
2015-05-11,3399283518.2525635,235463011.21972358,251600.0,0.0,0.0,0.0,0.0,0.0,0.0,0.0,209211790.5277129,3844209920.0
2015-05-18,3357382023.573303,201897024.6906694,251600.0,0.0,0.0,0.0,0.0,0.0,0.0,0.0,221329255.7360276,3780859904.0
2015-05-25,3420472019.8898315,218342364.21743038,451600.0,0.0,0.0,0.0,0.0,0.0,0.0,0.0,266223935.89273813,3905489920.0
2015-06-01,3274367343.4497833,264068090.28341413,451600.0,0.0,0.0,0.0,0.0,0.0,0.0,0.0,261063046.26680258,3799950080.0
2015-06-08,3175514755.7144165,251019971.27378786,451600.0,0.0,0.0,0.0,0.0,0.0,0.0,0.0,267373737.01179564,3694360064.0
2015-06-15,3331925638.8759613,259919813.26414016,451600.0,0.0,0.0,0.0,0.0,0.0,0.0,0.0,285893027.85989857,3878190080.0
2015-06-22,3488460580.682373,328489323.94998056,451600.0,0.0,0.0,0.0,0.0,0.0,0.0,0.0,352648543.36764646,4170050048.0
2015-06-29,3562783243.5951233,366544250.09795946,451600.0,0.0,0.0,0.0,0.0,0.0,0.0,0.0,355190890.30691725,4284969984.0
2015-07-06,3890435026.817322,319758988.6084185,451600.0,0.0,0.0,0.0,0.0,0.0,0.0,0.0,444654480.5742595,4655300096.0
2015-07-13,4468539069.32373,274746206.7940352,451600.0,0.0,0.0,0.0,0.0,0.0,0.0,0.0,484653011.8822348,5228389888.0
2015-07-20,3938927416.6114807,258241239.79693797,451600.0,0.0,0.0,0.0,0.0,0.0,0.0,0.0,387479519.59158134,4585099776.0
2015-07-27,4222215076.547241,258958195.86438456,451600.0,0.0,0.0,0.0,0.0,0.0,0.0,0.0,442665175.58837444,4924290048.0
2015-08-03,4087614276.4663696,262601162.3899645,451600.0,0.0,0.0,0.0,0.0,0.0,0.0,0.0,408183009.1436659,4758850048.0
2015-08-10,3843843093.0107117,281169629.1554177,451600.0,43130006.715620756,0.0,0.0,0.0,0.0,0.0,0.0,377025639.11824983,4545619968.0
2015-08-17,3749250712.44812,265281055.37522244,451600.0,95819595.61553851,0.0,0.0,0.0,0.0,0.0,0.0,374407148.5611191,4485210112.0
2015-08-24,3314634445.915222,240992392.99049303,451600.0,97791422.22911267,0.0,0.0,0.0,0.0,0.0,0.0,324710106.8651723,3978579968.0
2015-08-31,3335218377.5253296,261874271.8788466,451600.0,96250958.82497376,0.0,0.0,0.0,0.0,0.0,0.0,301974903.77085006,3995770112.0
2015-09-07,3499113997.8904724,256313996.49141598,451600.0,94585637.46112247,0.0,0.0,0.0,0.0,0.0,0.0,319294768.15698916,4169760000.0
2015-09-14,3369195197.1408844,277293893.9197774,451600.0,68814411.3058273,0.0,0.0,0.0,0.0,0.0,0.0,298204833.6335109,4013959936.0
2015-09-21,3383840060.0463867,247986397.26592815,451600.0,69045902.9041528,0.0,0.0,0.0,0.0,0.0,0.0,308805959.7835323,4010129920.0
2015-09-28,3413624918.6725616,212299067.9606979,451600.0,53201852.640453674,0.0,0.0,0.0,0.0,0.0,0.0,307922592.7262868,3987500032.0
2015-10-05,3497741536.946869,170152193.83707067,451600.0,49131581.467634454,0.0,0.0,0.0,0.0,0.0,0.0,308583119.7484259,4026060032.0
2015-10-12,3632108936.830902,168330977.32504177,451600.0,46864146.10838621,0.0,0.0,0.0,0.0,0.0,0.0,316294259.73567003,4164049920.0
2015-10-19,3859271425.4837036,164976020.39179355,451600.0,38321361.02227608,0.0,0.0,0.0,0.0,0.0,0.0,296969353.1022268,4359989760.0
2015-10-26,4187413198.5855103,151202493.23293972,451600.0,45991247.538242206,0.0,0.0,0.0,0.0,0.0,0.0,297571604.64330775,4682630144.0
2015-11-02,4820841334.213257,162328351.28289658,451600.0,78701626.83963752,0.0,0.0,0.0,0.0,0.0,0.0,364257055.6642089,5426579968.0
2015-11-09,5546231702.635956,154166179.34218013,451600.0,76992153.26826704,0.0,0.0,0.0,0.0,0.0,0.0,327128604.75359684,6104970240.0
2015-11-16,4746066188.812256,138016657.64634863,451600.0,67730699.8486385,0.0,0.0,0.0,0.0,0.0,0.0,293064773.6927569,5245329920.0
2015-11-23,4823705394.314575,141538484.0019452,451600.0,72484192.21953367,0.0,0.0,0.0,0.0,0.0,0.0,294940329.4639461,5333120000.0
2015-11-30,5534006986.001587,144155306.07556406,451600.0,66080466.75163654,0.0,0.0,0.0,0.0,0.0,0.0,328605609.1712124,6073299968.0
2015-12-07,5821148072.769165,178156235.42718542,951600.0,62950906.0834458,0.0,0.0,0.0,0.0,0.0,0.0,325403233.72020376,6388610048.0
2015-12-14,6480074346.290588,294257411.647879,951600.0,72176417.6196024,0.0,0.0,0.0,0.0,0.0,0.0,345300032.4419306,7192759808.0
2015-12-21,6636287835.9436035,209072009.15262336,951600.0,68521210.22971173,0.0,0.0,0.0,0.0,0.0,0.0,335197424.6740614,7250030080.0
2015-12-28,6356107482.189941,212902537.12872574,951600.0,64913216.03598216,0.0,0.0,0.0,0.0,0.0,0.0,332985388.6453511,6967860224.0
2016-01-04,6468181559.927368,201851729.8766697,951600.0,73853951.5456013,0.0,0.0,0.0,0.0,0.0,0.0,343171398.650361,7088010240.0
2016-01-11,6761093149.223328,199978959.98357597,1451600.0,76096519.17953345,0.0,0.0,0.0,0.0,0.0,0.0,352489915.6135626,7391110144.0
2016-01-18,5761942557.936096,176733050.24766582,1451600.0,101698540.69188693,0.0,0.0,0.0,0.0,0.0,0.0,338814507.12435126,6380640256.0
2016-01-25,6083903349.006653,175003582.74903354,1451610.7287406921,164312378.2237464,0.0,0.0,0.0,0.0,0.0,0.0,364049207.29182637,6788720128.0
2016-02-01,5596093514.382935,217038144.91383106,1451598.0965137482,177880782.4901934,0.0,0.0,0.0,0.0,0.0,0.0,379415896.1165268,6371879936.0
2016-02-08,5720103096.029663,284091920.73167914,1451600.0,228504539.51117748,0.0,0.0,0.0,0.0,0.0,0.0,393988875.72748035,6628140032.0
2016-02-15,6199850202.244568,292944425.4198975,1452868.587064743,410642754.8216006,0.0,0.0,0.0,0.0,0.0,0.0,446549620.92686915,7351439872.0
2016-02-22,6689197867.790222,276143410.1477631,1451600.0,360185281.658805,0.0,0.0,0.0,0.0,0.0,0.0,461961616.4032099,7788939776.0
2016-02-29,6614972353.372192,269150694.3258551,1451600.0,499586942.85586876,0.0,0.0,0.0,0.0,0.0,0.0,470118537.44608414,7855280128.0
2016-03-07,6233433919.315338,267088686.74447045,1451597.4908590317,886443149.9185331,0.0,0.0,0.0,0.0,0.0,0.0,481552566.53079945,7869969920.0
2016-03-14,6342791478.5217285,293987716.29422843,1451479.7342777252,1128182362.2633758,0.0,0.0,0.0,0.0,0.0,0.0,533976851.18638957,8300389888.0
2016-03-21,6341382966.238403,274018300.367608,1451588.4043530226,805993922.2996275,0.0,0.0,0.0,0.0,0.0,0.0,514163398.69000846,7937010176.0
2016-03-28,6553701498.641968,276384862.69990325,1451591.0,819007455.044842,0.0,0.0,0.0,0.0,0.0,0.0,554564352.6132867,8205109760.0
2016-04-04,6483908579.412842,258384965.94677463,1451591.0,914558628.5984235,0.0,0.0,0.0,0.0,0.0,0.0,572386027.0419599,8230689792.0
2016-04-11,6504290706.246185,204474411.0806562,1451590.7404353023,706074387.5940603,0.0,0.0,0.0,0.0,0.0,0.0,520008936.3386632,7936300032.0
2016-04-18,6604158106.283569,226742657.84367025,1451591.0,738916061.64632,0.0,0.0,0.0,0.0,0.0,0.0,527391423.2264407,8098659840.0
2016-04-25,7102483346.946716,252803634.2472727,1451591.0,635783539.7077935,0.0,0.0,0.0,0.0,0.0,0.0,553037952.0982178,8545560064.0
2016-05-02,7002605989.660645,236792610.3300711,1951591.0,708136995.4248579,0.0,0.0,0.0,0.0,0.0,0.0,536732589.584426,8486219776.0
2016-05-09,7112507359.680176,223243569.36411947,1951591.0,757999825.6865152,0.0,0.0,0.0,0.0,0.0,0.0,562097846.2691894,8657800192.0
2016-05-16,7114745849.776459,211332727.4504568,1951591.9305911064,798116463.1846611,0.0,0.0,0.0,0.0,0.0,0.0,565613495.657832,8691760128.0
2016-05-23,6842466300.5859375,206945767.65597573,1951591.0,1146472257.919081,0.0,0.0,0.0,0.0,0.0,0.0,579214194.8390058,8777050112.0
2016-05-30,8243968477.401733,197511749.30622983,1951591.0,992330848.9542631,0.0,0.0,0.0,0.0,0.0,0.0,782737429.337774,10218500096.0
2016-06-06,8977691640.063477,202050784.78806025,2951591.0,1130353803.1043715,0.0,0.0,0.0,0.0,0.0,0.0,829452533.0440912,11142500352.0
2016-06-13,10511932397.88208,204066510.1916795,2951594.5185706615,1276928144.445981,0.0,0.0,0.0,0.0,0.0,0.0,899621640.9616889,12895500288.0
2016-06-20,11976669911.672974,239363202.59328568,5951586.033605456,993505466.6590111,0.0,0.0,0.0,0.0,0.0,0.0,911009673.0411237,14126499840.0
2016-06-27,9882833693.476868,226279829.82755738,5951638.535490632,1124176225.8258686,0.0,0.0,0.0,0.0,0.0,0.0,857958740.3342154,12097200128.0
2016-07-04,10362656811.401367,234021150.03270453,5951591.0,954848213.4446931,0.0,0.0,0.0,0.0,0.0,0.0,924622458.1212354,12482100224.0
2016-07-11,10215201884.020752,235803127.27889317,5951587.097832859,895673423.8976758,0.0,0.0,0.0,0.0,0.0,0.0,947469561.7048461,12300099584.0
2016-07-18,10716779406.225586,231705426.11363518,6951591.0,917152982.3898897,0.0,0.0,0.0,0.0,0.0,0.0,1241610658.270889,13114200064.0
2016-07-25,10431889594.024658,223720663.50246862,6951591.0,1048923373.4267547,0.0,0.0,0.0,0.0,0.0,0.0,1242614490.0461187,12954099712.0
2016-08-01,9860616203.91504,211241354.15731964,6951326.64654243,981730761.4143159,0.0,0.0,0.0,0.0,0.0,0.0,1178360577.866782,12238900224.0
2016-08-08,9365430090.66211,219052352.59262457,6948513.229650736,903181125.0466174,0.0,0.0,0.0,0.0,0.0,0.0,1187488142.4689972,11682100224.0
2016-08-15,9021181804.980469,213097528.93909585,6951584.784793317,929555397.5419863,0.0,0.0,0.0,0.0,0.0,0.0,1161714163.7536554,11332500480.0
2016-08-22,9199420344.319336,215345901.13295338,6951591.0,930709393.1477846,0.0,0.0,0.0,0.0,0.0,0.0,1156172578.399926,11508599808.0
2016-08-29,9091825037.18042,211999288.41201335,6951591.0,910699430.7839409,0.0,0.0,0.0,0.0,0.0,0.0,1132624364.6236258,11354099712.0
2016-09-05,9652486007.033936,210058471.1459041,6951591.0,977164815.3215245,0.0,0.0,0.0,0.0,0.0,0.0,1234039531.4986353,12080700416.0
2016-09-12,9628561521.966064,206386470.64730304,6951590.95,976642706.5115058,0.0,0.0,0.0,0.0,0.0,0.0,1180757293.9251273,11999299584.0
2016-09-19,9681956384.871094,243069681.4958926,6951058.51396468,1045863357.8209864,0.0,0.0,0.0,0.0,0.0,0.0,1175059101.2980623,12152899584.0
2016-09-26,9545833714.691162,279129477.3153593,6951593.436082656,1110694718.8172348,0.0,0.0,0.0,0.0,0.0,0.0,1159790495.7401612,12102400000.0
2016-10-03,9714989222.478516,289638892.47777885,6951574.790462742,1116603094.9662058,0.0,0.0,0.0,0.0,0.0,0.0,1087016959.2870367,12215199744.0
2016-10-10,9816271929.533936,267572083.61391085,6951590.95,1022860288.5403365,0.0,0.0,0.0,0.0,0.0,0.0,1143044523.3618166,12256700416.0
2016-10-17,10221320530.722656,286613623.0846912,6951590.84999997,1016714263.9872137,0.0,0.0,0.0,0.0,0.0,0.0,1104499575.3554392,12636099584.0
2016-10-24,10473535152.432129,334725439.05493253,6951589.73271693,1026406803.050459,0.0,0.0,0.0,0.0,0.0,0.0,1098681303.7297626,12940300288.0
2016-10-31,11207204436.206543,284730276.11657625,6951589.73271693,960011274.297653,0.0,0.0,0.0,0.0,0.0,0.0,1052502871.6465108,13511400448.0
2016-11-07,11344832652.172852,292207644.3843274,6951596.190962517,934534534.7367755,0.0,0.0,0.0,0.0,0.0,0.0,1057073956.5150826,13635600384.0
2016-11-14,11214637119.143555,295226915.71792364,6951589.79627301,867753308.8308432,0.0,0.0,0.0,0.0,0.0,0.0,1057930650.5114051,13442499584.0
2016-11-21,11698908605.0766,274337412.15988106,6951589.79627301,825381008.6169418,0.0,0.0,0.0,0.0,0.0,0.0,1011421320.3503041,13816999936.0
2016-11-28,11727839066.159058,254074290.77568313,6951590.624967091,777311559.1960195,0.0,0.0,0.0,0.0,0.0,0.0,1031123717.2442722,13797300224.0
2016-12-05,12393107443.472656,234832294.57062712,6952781.383348432,641820062.4507776,0.0,0.0,0.0,0.0,0.0,0.0,1020887418.1225909,14297600000.0
2016-12-12,12349844393.481445,242743377.7235723,6951604.637766304,711347745.5021372,0.0,0.0,0.0,0.0,0.0,0.0,1030413102.6550792,14341300224.0
2016-12-19,12691105639.003967,235601292.45044145,6951635.299446966,685054678.7784681,0.0,0.0,0.0,0.0,0.0,0.0,1081086306.4676764,14699799552.0
2016-12-26,14407791719.659424,231979904.5338693,6951653.530716548,622438653.8564928,0.0,0.0,0.0,0.0,0.0,0.0,1178538036.4194973,16447699968.0
2017-01-02,16055108982.560791,232066815.692825,9951673.95013079,714900119.5318537,0.0,0.0,0.0,0.0,0.0,0.0,1310773048.2643995,18322800640.0
2017-01-09,14694874480.175781,226699924.63818392,14951719.155715933,904684776.9697642,0.0,0.0,0.0,0.0,0.0,0.0,1292988907.060555,17134199808.0
2017-01-16,13234596459.614868,248105990.93010142,14951820.356441503,869126437.2207325,0.0,0.0,0.0,0.0,0.0,0.0,1240819419.8778565,15607600128.0
2017-01-23,14918751625.01532,247604080.35252017,14951740.544138173,944155644.4899355,0.0,0.0,0.0,0.0,0.0,0.0,1346936269.598086,17472399360.0
2017-01-30,14844939255.07666,235961057.2239218,14951694.202556655,927414854.2310182,0.0,0.0,0.0,0.0,0.0,0.0,1427732947.2658434,17450999808.0
2017-02-06,16605348260.835327,237318382.1066998,24951571.4911833,1005938810.9407663,0.0,0.0,0.0,0.0,0.0,0.0,1540342238.6260235,19413899264.0
2017-02-13,16141499397.039795,232161007.35212365,24950976.6696458,1011081069.7130568,0.0,0.0,0.0,0.0,0.0,0.0,1483007197.2253788,18892699648.0
2017-02-20,16960221413.659668,217801971.3086124,24948417.206614323,1136601687.6689377,0.0,0.0,0.0,0.0,0.0,0.0,1520926990.1561675,19860500480.0
2017-02-27,18837184559.161377,210425533.2847765,24951131.798260428,1294776572.7431202,0.0,0.0,0.0,0.0,0.0,0.0,1521761979.012466,21889099776.0
2017-03-06,20531880759.979248,229279898.36490571,24951196.70072583,1725361863.8892603,0.0,0.0,0.0,0.0,0.0,0.0,1760625609.0658603,24272099328.0
2017-03-13,19807623710.321045,233852544.19517902,34953027.37873885,2108301800.4489362,0.0,0.0,0.0,0.0,0.0,0.0,2075369013.656101,24260100096.0
2017-03-20,16829809130.126953,258207923.02307582,44952930.968056895,4031276256.4231215,0.0,0.0,0.0,0.0,0.0,0.0,2669153055.4587927,23833399296.0
2017-03-27,15785013324.03125,354513874.47399884,44951383.06110668,4624994194.366285,0.0,0.0,0.0,0.0,0.0,0.0,2728527096.0673594,23537999872.0
2017-04-03,17924628824.157715,2261803501.7413297,55002827.328760095,4411029754.118607,0.0,0.0,0.0,0.0,0.0,0.0,3067335924.6535883,27719800832.0
2017-04-10,19311221909.74414,1280147973.860475,54948663.24715412,3919525800.0262957,0.0,0.0,0.0,0.0,0.0,0.0,3275556485.1219354,27841400832.0
2017-04-17,19260395207.446045,1253564034.9805725,50715115.59274529,4417310840.980532,0.0,0.0,0.0,0.0,0.0,0.0,3842615377.0001054,28824600576.0
2017-04-24,19705450918.90869,1183367334.636136,50423200.82357893,4446467899.083973,0.0,0.0,0.0,0.0,0.0,0.0,4225591510.547622,29611300864.0
2017-05-01,21981770171.626953,1954088734.9566734,59034021.79563828,7234067717.197237,0.0,0.0,0.0,0.0,0.0,0.0,5705941114.423498,36934901760.0
2017-05-08,26056541056.222534,5375275736.025632,60466373.02213785,8569063495.611302,0.0,0.0,0.0,0.0,0.0,0.0,8427551899.118394,48488898560.0
2017-05-15,29532572668.725952,8429953854.3671255,61184244.41554722,8316928343.444083,0.0,0.0,0.0,0.0,0.0,0.0,8827958905.047293,55168598016.0
2017-05-22,33393668309.841064,13039525988.06748,62677241.72436358,14522111821.56101,0.0,0.0,0.0,0.0,0.0,0.0,12945118846.806082,73963102208.0
2017-05-29,35323600765.833984,8689834698.854504,109529331.27025656,15654637354.047546,0.0,0.0,0.0,0.0,0.0,0.0,12744199577.99371,72521801728.0
2017-06-05,41133992638.79297,11581177133.389658,106011947.13806817,22615798636.1677,0.0,0.0,0.0,0.0,0.0,0.0,17587922812.511604,93024903168.0
2017-06-12,48391182554.25,10465972550.085367,128293025.77873503,31525273276.563,0.0,0.0,0.0,0.0,0.0,0.0,21993275009.3229,112503996416.0
2017-06-19,41800562433.92285,10873539346.725342,127821980.30590194,34435759616.10807,0.0,0.0,0.0,0.0,0.0,0.0,23228315470.937836,110465998848.0
2017-06-26,42513987598.66943,11440303495.740908,146479874.22335744,28111192303.875496,0.0,0.0,0.0,0.0,0.0,0.0,23167032951.49081,105378996224.0
2017-07-03,41037160117.944336,9916582874.556946,223016696.10367942,26815934063.399662,0.0,0.0,0.0,0.0,0.0,0.0,21128704007.995377,99121397760.0
2017-07-10,41509044663.329346,8962768827.073029,221114091.02495345,22640531787.29911,0.0,0.0,0.0,0.0,0.0,0.0,20231140951.273563,93564600320.0
2017-07-17,31795020262.28296,5749316117.336018,291008750.3968243,14932733711.184315,0.0,0.0,0.0,0.0,0.0,0.0,14350820358.799883,67118899200.0
2017-07-24,44995605226.60474,7466023806.914706,319475356.2468601,21158543168.29202,0.0,0.0,0.0,0.0,0.0,0.0,21334352825.941673,95274000384.0
2017-07-31,45535845598.87695,6326864047.349445,319511648.8732733,18492032024.636444,10682768.374681473,0.0,0.0,0.0,0.0,0.0,18505767015.889206,89190703104.0
2017-08-07,52987311209.65869,6891016399.087284,319331084.145587,24510987196.5568,13395820.558071136,0.0,0.0,0.0,0.0,0.0,27466955921.99357,112188997632.0
2017-08-14,67112328209.80957,6457681001.300665,318121672.3554333,28008682717.888023,87291806.93626404,0.0,0.0,0.0,0.0,0.0,33836895295.710045,135821000704.0
2017-08-21,67567071725.616455,6074041052.715983,319353652.7698462,28285462427.962276,243074822.4258423,0.0,0.0,0.0,0.0,0.0,42347997534.5096,144837001216.0
2017-08-28,72467865903.125,7800085945.151574,320279243.77161926,33002674605.091427,202149081.23016357,0.0,0.0,0.0,0.0,0.0,45237946309.63022,159031001088.0
2017-09-04,75955543615.59424,8772335624.974298,364942622.4121204,32773988120.486317,157665276.5274048,0.0,0.0,0.0,0.0,0.0,47116742020.00562,165141217280.0
2017-09-11,68256040447.924805,8148559147.701219,405354853.6189942,27394423909.355934,94918638.4677887,0.0,0.0,0.0,0.0,0.0,39653492506.93126,143952789504.0
2017-09-18,59514087022.07031,6837059283.851045,443461245.25474685,23881156365.502354,78956478.83415222,0.0,0.0,0.0,0.0,0.0,32937344372.487392,123692064768.0
2017-09-25,61061094889.754395,6730081525.151449,443878897.5247199,26755460573.719246,78424423.93302917,0.0,0.0,0.0,0.0,0.0,33450301417.91716,128519241728.0
2017-10-02,72963198007.7666,7901788265.242855,436225807.1537673,28708457207.068016,152662408.3518982,0.0,0.0,0.0,0.0,0.0,38760757200.41686,148923088896.0
2017-10-09,76656471455.07812,10759281394.696949,436579296.80697346,29328333214.213486,120771026.61132812,527468685.73210007,0.0,0.0,0.0,0.0,34545522574.861046,152374427648.0
2017-10-16,94558952137.20703,10148686712.391045,436187408.7139002,32029240566.92999,155599093.43719482,776226738.3772225,0.0,0.0,0.0,0.0,35573289742.94362,173678182400.0
2017-10-23,99941633674.85352,7841328463.623616,437656169.27462184,28111424779.419136,121922134.62018967,717768288.8625702,0.0,0.0,0.0,0.0,34783065081.346344,171954798592.0
2017-10-30,101833013912.47705,7824821803.453232,452540479.48287773,29077593891.046913,122120266.30115509,734193342.9021728,0.0,0.0,0.0,0.0,37725475024.3366,177769758720.0
2017-11-06,123379323769.02148,7782083281.889255,495238070.76720256,28322701830.815594,151372002.28476524,543878913.8415262,0.0,0.0,0.0,0.0,38649443347.38018,199324041216.0
2017-11-13,99029012526.26953,7608889379.245832,596721862.2052307,29379017027.566372,151096499.3915558,631690338.7521939,0.0,0.0,0.0,0.0,55905576078.56928,193302003712.0
2017-11-20,134167308968.16406,8934851543.86235,675897295.7301662,33933446657.883377,160956294.80743408,729895271.9389205,0.0,0.0,0.0,0.0,58934825663.61369,237537181696.0
2017-11-27,156221049590.69824,9590235449.012115,679525070.8336493,45254982954.02596,185238579.9279213,949409298.0430063,0.0,0.0,0.0,0.0,82000265617.4591,294880706560.0
2017-12-04,189172387100.97656,9768475732.83344,816012069.6809895,44795654444.12092,223582832.051754,3410591748.7389855,0.0,0.0,0.0,0.0,89603141575.59735,337789845504.0
2017-12-11,258146761479.3086,9164666145.170506,824372900.7842615,42389249663.75228,248824048.0685234,2824167775.806054,0.0,0.0,0.0,0.0,97440866403.10977,411038908416.0
2017-12-18,320000301752.7363,28203479986.723362,1130792590.9210103,69578413887.27946,573528493.1879044,13273082919.28862,0.0,0.0,0.0,0.0,154341051889.86334,587100651520.0
2017-12-25,234589560899.1211,40506049200.19855,1250341030.645466,67475093790.23827,525623874.01008606,10171960393.116407,0.0,0.0,0.0,0.0,185296815292.67014,539815444480.0
2018-01-01,236724789717.43164,88945880259.9628,1385264251.6809435,73075765821.48383,854444184.3395233,18637600908.52956,0.0,0.0,0.0,0.0,193300908424.57172,612924653568.0
2018-01-08,276611608104.46875,130301685918.66577,1475635565.369339,112163952374.84563,1846267347.5532532,25909678900.92299,0.0,0.0,0.0,0.0,280228544460.17426,828537372672.0
2018-01-15,231334152097.25684,71909429474.63411,1490686945.7902896,132403559881.8756,2059530217.2813416,20631763661.08633,0.0,0.0,0.0,0.0,245172628250.0755,705001750528.0
2018-01-22,195644593331.3828,53909807256.756546,1624570818.621188,102504307003.44171,1405874042.9039001,15944720559.579046,0.0,0.0,0.0,0.0,192195618187.31482,563229491200.0
2018-01-29,197870939553.95508,54204255125.29795,2251756584.728278,121268517357.15854,1341186940.8988953,17354877269.730843,0.0,0.0,0.0,0.0,200984865760.2304,595276398592.0
2018-02-05,139324739797.26562,32219402441.00339,2207815383.2074347,81337361559.10513,834443295.1507568,9983056214.261028,0.0,0.0,0.0,0.0,129263825278.00664,395170643968.0
2018-02-12,137257820779.83398,39262734111.81137,2217608895.5165296,79754362749.23447,862555945.1179504,9660286345.487345,0.0,0.0,0.0,0.0,131130768260.99835,400146137088.0
2018-02-19,178054980195.26953,43813256221.88095,2220089122.1994395,90047658704.86803,1056158901.9470215,10031961114.46888,0.0,0.0,0.0,0.0,156100427451.36615,481324531712.0
2018-02-26,163283423922.60938,36893914571.14987,2211961516.6233354,82705436832.61209,927687704.378128,8951879255.182737,0.0,0.0,0.0,0.0,135369806277.44446,430344110080.0
2018-03-05,194902607290.45996,39650659018.646194,2211643559.174535,84939661554.82,1030126386.7588043,7775450291.810503,0.0,0.0,0.0,0.0,139997568506.33002,470507716608.0
2018-03-12,162420640875.14844,32529476343.045464,2217541762.356101,71086019105.72179,821728023.9658356,5810351384.864837,0.0,0.0,0.0,0.0,113946932680.89754,388832690176.0
2018-03-19,141240445134.70117,26274572846.083107,2177662418.4795537,53718639283.040474,900037558.3896637,4167752292.616153,0.0,0.0,0.0,0.0,89924269666.68988,318403379200.0
2018-03-26,143959778305.66406,25125198753.967194,2279363517.011967,51598034692.358665,1278619255.350113,4769556791.758753,0.0,0.0,0.0,0.0,99942125035.88925,328952676352.0
2018-04-02,116037478554.6875,19002545754.411777,2294764336.312677,37422484309.09353,1286445688.2568893,3932902218.092929,0.0,0.0,0.0,0.0,75128927427.1447,255105548288.0
2018-04-09,119515767465.18164,19594214144.040123,2281515667.405873,39565055114.58203,1409186979.4904158,4072979924.462303,0.0,0.0,0.0,0.0,80007456960.83762,266446176256.0
2018-04-16,141570843067.23633,26693344312.698833,2284588687.87711,52592174761.665245,1487933464.5163455,5752934951.947646,0.0,0.0,0.0,0.0,106448841362.05849,336830660608.0
2018-04-23,149448445462.36328,33902962076.479755,2276002579.7970843,61490570909.8236,1468586568.2910945,7403678164.277711,0.0,0.0,0.0,0.0,131678918270.96747,387669164032.0
2018-04-30,160301863162.79297,34112150919.666443,2411225615.767245,68376399336.75904,1717773360.528945,9445161036.180197,0.0,0.0,0.0,0.0,162536146184.30515,438900719616.0
2018-05-07,164161152517.8164,34132640063.817482,2186926211.218108,78758746702.76338,1589622318.9351883,9073136240.026283,0.0,0.0,0.0,0.0,165716630857.42316,455618854912.0
2018-05-14,148403158529.49707,29184795614.358124,2211478999.036991,72847449065.17206,1500590423.3052871,7411295311.883238,0.0,0.0,0.0,0.0,145504104120.74722,407062872064.0
2018-05-21,145264317032.14453,27450260654.818806,2506117915.6286845,71405766697.09213,1610878792.5031807,6640712423.610086,0.0,0.0,0.0,0.0,135999228788.20258,390877282304.0
2018-05-28,125747647841.54053,23841910115.748234,2508579595.243533,57136672104.61312,1436871575.1872742,5021956904.176512,0.0,0.0,0.0,0.0,110578845191.4908,326272483328.0
2018-06-04,131847154790.71484,27173411550.72687,2501409895.458357,61851830123.32161,1673629800.9598963,5915395852.863267,0.0,0.0,0.0,0.0,120400239985.95515,351363072000.0
2018-06-11,116175107759.5459,23004934132.951122,2520418738.3296685,52483739956.18849,1612034675.1776688,4569962875.781376,0.0,0.0,0.0,0.0,96416559750.02577,296782757888.0
2018-06-18,111319477310.87646,20753696486.796654,2615990864.7595778,50008238006.50114,1895562537.2090442,4177409333.676598,0.0,0.0,0.0,0.0,87552432244.18053,278322806784.0
2018-06-25,105625012130.90332,18724170527.62184,2619836957.1955457,45723097398.82345,1648700017.518849,3430704789.1297197,0.0,0.0,0.0,0.0,73855113442.80728,251626635264.0
2018-07-02,109272855080.06152,18123619538.419724,2705521439.4191437,45576422045.53877,1641932317.9342277,3696966904.79795,0.0,0.0,0.0,0.0,76217331761.82866,257234649088.0
2018-07-09,116117589327.97852,18739611029.03338,2619133316.5268564,49166922646.720245,1600957212.4445782,3768370129.902343,0.0,0.0,0.0,0.0,82701270289.39407,274713853952.0
2018-07-16,109029468624.83984,17527266140.162342,2704341104.63486,45364323984.080734,1403836909.4853892,3688825875.464228,0.0,0.0,0.0,0.0,75622890961.33261,255340953600.0
2018-07-23,127271731778.52148,17657499014.834167,2659345916.3490953,46338042271.37615,1159216372.5492928,4395312452.442244,0.0,0.0,0.0,0.0,80992386657.92757,280473534464.0
2018-07-30,141239444979.07812,17828443992.854687,2505427944.6383133,47150243495.33759,1332179975.2894316,4232179313.9107976,0.0,0.0,0.0,0.0,83577558442.89107,297865478144.0
2018-08-06,121430864536.56006,17051681452.375265,2441614794.5987854,41526865933.4569,1307338226.2507427,3394353733.2256827,0.0,0.0,0.0,0.0,69532959570.08356,256685678246.551
2018-08-13,109111523954.15039,11694547623.342447,2409344435.3844533,32433585928.60198,1124296391.6090493,2934505728.6856523,0.0,0.0,0.0,0.0,53970651453.66803,213678455515.442
2018-08-20,111936076637.52637,13561851037.587732,2722653701.609569,30569460457.605892,968663616.7816503,2650851782.7686806,0.0,0.0,0.0,0.0,54571895658.16211,216981452892.042
2018-08-27,115646248486.59668,12791844744.971262,2796708023.353393,27968567433.147556,976047197.1070212,2415839250.8216324,0.0,0.0,0.0,0.0,53142161188.215454,215737416324.213
2018-09-03,125536575444.65332,13605424980.768318,2829055850.376989,30025069120.104107,1083679139.5287743,2713256682.4074454,0.0,0.0,0.0,0.0,62174145557.39905,237967206775.238
2018-09-10,108759350260.05469,11111435989.315987,2753199900.116216,20153125179.236595,914628761.4908099,2003572340.6327705,0.0,0.0,0.0,0.0,49713493188.22093,195408805619.068
2018-09-17,112508446994.56396,11208027090.462482,2753703794.5324984,22602064198.692047,950323535.5996642,1811115540.5151374,0.0,0.0,0.0,0.0,51402016897.08521,203235698051.451
2018-09-24,115889159338.47656,22715618492.760933,2804764534.5645514,25009868627.874878,1157200805.9186287,2325801328.5661354,0.0,0.0,0.0,0.0,56172521510.51831,226074934638.68
2018-10-01,114509724599.92676,23265129409.820107,2797493056.8147516,23855852478.818886,1175577005.1671734,2211379145.8269396,0.0,0.0,0.0,0.0,55463401755.173386,223278557451.548
2018-10-08,114251052224.27979,19329458625.020008,2795839033.994645,23201746332.659565,1236922317.9729338,2191644722.024429,0.0,0.0,0.0,0.0,55493823654.31863,218500486910.27
2018-10-15,109002222118.35938,16065199319.905502,2489087954.2198477,20029798682.18671,1113507483.1631613,1826207661.333878,0.0,0.0,0.0,0.0,49466781886.95352,199992805106.122
2018-10-22,112433242750.5747,18242475905.3502,2046782394.3837283,21074931431.436966,1271553368.1494808,1964076835.329191,24135149.555336356,0.0,0.0,0.0,52433134070.905396,209490331905.685
2018-10-29,112621848701.95312,18558791183.893982,1919417720.5940583,21104132739.02206,1260890971.677312,1893753440.1881502,125555076.53848803,0.0,0.0,0.0,52440735509.92183,209925125343.789
2018-11-05,110472052802.83936,18552611975.27177,1758389968.9023907,21331687091.72398,1254271272.1529603,1969454156.7406092,131836794.04943022,0.0,0.0,0.0,54630338065.903496,210100642127.584
2018-11-12,111382004120.58984,20417674691.399017,1689820826.6043892,21816330886.765125,1240757819.439996,1991660599.155108,135247459.16324458,0.0,0.0,0.0,54268585489.91528,212942081893.032
2018-11-19,97705691527.53906,20543709196.083954,1745817385.626967,18300028878.56107,1046323480.6040015,1604960257.0153651,144494107.86084217,0.0,0.0,0.0,44847112701.16474,185938137534.456
2018-11-26,69838014415.53516,15145070262.654531,1810059591.1377277,12032856392.864573,677448495.9082249,979024938.6971017,169122971.6854474,0.0,0.0,0.0,28759792408.817234,129411389477.3
2018-12-03,72180072607.18684,14864590004.250456,1850250652.0938275,12052720214.62852,687165905.7029307,1085663996.333876,178479373.35453308,0.0,0.0,0.0,31637840032.084015,134536782785.635
2018-12-10,62904058877.8033,12830002032.52816,1884602600.1610322,9850870958.237118,634758863.1707104,820675516.2783993,188348695.92210853,0.0,0.0,0.0,25497626859.652172,114610944403.753
2018-12-17,56690385176.659706,11791114651.499126,1869357966.815081,8866029607.159678,608243501.5951979,756412611.4228814,207348801.09727842,0.0,0.0,0.0,22426268764.202053,103215161080.451
2018-12-24,69764786196.1809,15191640149.198517,1886231855.6529963,13583037877.976675,793152001.831274,1148195699.2813761,230413530.6910659,0.0,0.0,0.0,31786687031.375195,134384144342.188
2018-12-31,67490984256.3772,15136706145.87446,1894830776.3784769,14577932771.976187,784873172.6632595,1120873202.0204322,249193805.34247375,0.0,0.0,0.0,29405635798.97151,130661029929.604
2019-01-07,71240898021.14626,15047089332.95494,1908064352.859345,16449025838.436644,840955401.8803594,1277327858.354477,305216293.287709,0.0,0.0,0.0,31183106320.710266,138251683419.63
2019-01-14,62182641664.50461,13065389812.157755,1967332852.747243,12207772317.807388,729555240.4816574,1043534292.4521654,372363662.067258,0.0,0.0,0.0,25806670254.188923,117375260096.407
2019-01-21,62978933273.577194,13181296069.561234,2047450607.9399672,12500023524.408552,840314425.6803513,1128882473.7780056,327083661.78720367,0.0,0.0,0.0,27073404903.61349,120077388940.346
2019-01-28,62742832206.18822,12734333998.895529,2036223793.5068476,11849114115.592564,916047654.6835957,1066567243.8553691,333820036.2764766,0.0,0.0,0.0,27037688169.9834,118716627218.982
2019-02-04,60737875450.65492,12455230994.681395,2023900030.9683127,11268811997.068602,873978845.1637774,988604336.4199758,302387378.3484413,0.0,0.0,0.0,25098802231.198574,113749591264.504
2019-02-11,64789130003.5379,12763861160.500881,2029978156.7626226,13087699616.415428,1297738891.8862622,1108957001.5462909,262344641.7791444,0.0,0.0,0.0,27833317326.90347,123173026799.332
2019-02-18,64410100221.85637,12489533233.882063,2024717557.7540805,13955286293.715918,1300936259.1697967,1075131276.7575233,249949832.05810156,0.0,0.0,0.0,27838234145.593147,123343888820.787
2019-02-25,66837352912.046364,12438985994.062077,2046373521.6380723,14226818125.79318,1421012318.2667198,1093299930.196969,231030331.47823504,0.0,0.0,0.0,29114804510.927383,127409677644.409
2019-03-04,67555759359.97927,12927698413.13735,2040058299.7626727,13891057135.869131,1628884627.6324904,1096789691.2285314,239042551.86450458,0.0,0.0,0.0,30168274592.75105,129547564672.225
2019-03-11,69512928001.42342,12975493758.15797,2011479117.316603,14394417057.961391,2046818897.3751996,1184795916.2589092,241466100.8805146,0.0,0.0,0.0,32486389897.367992,134853788746.742
2019-03-18,70905328395.31006,13163662307.23195,2022649527.836457,14750183272.03852,2224219174.000337,1304414385.845753,244215459.02073348,0.0,0.0,0.0,35089857984.80119,139704530506.085
2019-03-25,70857280284.75696,12893398161.419481,2035162439.1965094,14444946298.88281,2435137064.1653204,1603598708.9867847,247395926.87939635,0.0,0.0,0.0,35750338102.718735,140267256987.006
2019-04-01,72295816657.951,12896281479.11698,2029675510.2207825,14912681758.120651,2455849083.5517087,1805510500.7080505,246195403.5440324,0.0,0.0,0.0,37684748411.4118,144326758804.625
2019-04-08,91675454746.91972,15087298172.148153,2093886405.7029777,18403550027.0211,2691900142.505408,2334753693.402877,262311826.26367536,0.0,0.0,0.0,49246051159.27709,181795206173.241
2019-04-15,91278581802.46956,13760724786.691038,2428665960.1499496,17760447034.351643,2739917955.3487363,2202180634.5816073,261530005.73376194,0.0,0.0,0.0,45797381538.562706,176229429717.889
2019-04-22,93805881812.86177,13525838272.133245,2600455833.2550516,17969745873.084908,3404813273.653763,1919294759.2120187,251794213.87268615,0.0,0.0,0.0,44519290762.47056,177997114800.544
2019-04-29,93419609963.27402,12501213553.079754,2833319105.9231195,16651220248.438114,3228880798.9677277,1777937281.4543152,296383481.8938572,0.0,0.0,0.0,40403390210.8111,171111954643.842
2019-05-06,102335650652.96254,12715481191.435555,2783088187.39223,17288766538.741165,3248779797.3033996,1714952527.626549,302010359.77643126,0.0,0.0,0.0,42954738232.83413,183343467488.072
2019-05-13,123136038254.63493,13055537655.92656,2771336314.7338758,19853654643.137543,2935872883.428445,1817182178.7901335,327261369.2462443,0.0,0.0,0.0,45501607220.05127,209398490519.949
2019-05-20,144971309448.98746,17441622183.911232,2871777071.635585,27596920217.16344,4104675061.9410625,2248472238.702505,359021977.7208191,0.0,0.0,0.0,55017093828.441895,254610892028.504
2019-05-27,153970325335.24185,17176653447.798355,3090584725.529691,28432641772.910908,4778483428.950033,2231360283.899455,361077195.56799483,0.0,0.0,0.0,58096478812.32871,268137605002.227
2019-06-03,155065390731.39487,18732704228.80545,3138092700.2027755,28726097129.300907,4684205407.975922,2504948372.8113747,333539917.5280263,0.0,0.0,0.0,63558991513.687675,276743970001.707
2019-06-10,136273768278.69759,16362089028.337925,3247509896.336035,24723131897.410244,4298014336.391366,2051675654.743117,337750093.3606185,0.0,0.0,0.0,56812019035.3811,244105958220.658
2019-06-17,160044972093.6051,18162328984.399197,3479854942.725496,28705808639.774426,4574460375.348504,2393575647.5087824,343690214.81704587,0.0,0.0,0.0,63866140964.04245,281570831862.221
2019-06-24,192777835456.1448,19910966331.185497,3527937979.9457793,32829464800.00522,5245118034.085933,2508829774.768781,345608215.2087328,0.0,0.0,0.0,69112592922.79625,326258353514.141
2019-07-01,192209366982.17966,16847248477.682951,3561419850.800269,31012429349.960365,4537262922.237374,2131499202.4012604,366160589.53357863,0.0,0.0,0.0,62066658843.689545,312732046218.485
2019-07-08,204079737655.08698,16890730669.63382,3707551527.7010784,32705645343.641586,4695791999.050812,2074226028.5303054,367922079.45086014,0.0,0.0,0.0,64040712829.16256,328562318132.258
2019-07-15,182640350268.56345,13044902421.21275,3923736149.9626217,24354539327.883755,4085423935.308814,1539494958.0449016,381974037.6324011,0.0,0.0,0.0,48847480810.38631,278817901908.995
2019-07-22,189190665656.13916,14184344491.484266,4020960835.436572,24190172863.1833,4743945520.953608,1587159494.487156,404356132.23470926,0.0,0.0,0.0,51922113070.49523,290243718064.414
2019-07-29,170499961955.59525,13383714067.894873,4037444868.492688,22645395577.572495,4312663677.413522,1544217173.100517,423851079.4393211,0.0,0.0,0.0,47982217472.208336,264829465871.717
2019-08-05,195858816740.95996,13706140438.379452,4046141496.576682,23873527369.351913,4286235352.267689,1457477089.362507,421399376.2903079,0.0,0.0,0.0,49293475331.75249,292943213194.941
2019-08-12,205806749299.23886,12940295708.500181,4039745863.0963364,23139024635.875076,4682462738.129232,1420107029.0602646,422608001.4401733,0.0,0.0,0.0,47560056471.51388,300011049746.854
2019-08-19,184993881159.79108,12134110126.961264,4058802575.553984,20894351695.707523,4345678466.439628,1315752871.569009,420648855.66049546,0.0,0.0,0.0,42536734958.81202,270699960710.495
2019-08-26,181332659914.10046,11587687026.569138,4043275038.0136156,20086200164.237015,4069436815.786219,1281064194.0509229,435720222.81397253,0.0,0.0,0.0,41228000159.321655,264064043534.893
2019-09-02,174725137037.3624,11089356736.406368,4022101663.517624,18506970192.806396,3355466637.8098483,1154265937.5053408,452655304.07066154,0.0,0.0,0.0,38705549652.88436,252011503162.363
2019-09-09,187110557493.33978,11309999825.330559,4087478554.478752,19523183051.699554,3504831352.5611978,1211273284.6377807,443932368.4957528,0.0,0.0,0.0,40500026653.793625,267691282584.337
2019-09-16,185578448439.97928,11258429283.881142,4122268209.4602494,20473460441.20655,3204101092.7476425,1213994492.1930587,427213848.4567149,0.0,0.0,0.0,40128973953.31436,266406889761.239
2019-09-23,180777994058.38126,11995495471.668825,4118913753.582116,22831284617.42105,3177879233.02281,1272591877.831523,393140131.32002646,0.0,0.0,0.0,40872720285.53939,265440019428.767
2019-09-30,145513115036.49466,10393885360.83174,4126624374.9014077,18430749551.517704,2390559792.4713655,969308633.0531247,429134152.8991995,0.0,0.0,0.0,32283873284.8718,214537250187.041
2019-10-07,143472448846.8713,11115352941.19478,4155430386.0786276,18670853900.78982,2382891702.1340394,1017663072.4487087,479475218.7779556,0.0,0.0,0.0,33087442873.65377,214381558941.949
2019-10-14,149554484620.89917,11976682499.094572,4129134664.769018,19657318282.18121,2823925992.6479235,1073615378.2834756,468953175.96457714,0.0,10066549.118436757,0.0,34506103366.09662,224200284529.055
2019-10-21,148173746075.07672,12742034465.778595,4123329850.1861897,18993688511.357834,2868082637.52957,1025180091.8468552,474944099.99747986,152222401.38221017,11026823.412683876,0.0,34167893178.743862,222732148135.312
2019-10-28,172499579503.21695,12900401937.540905,4112579748.148013,19974475606.812504,3005673635.963471,1097890196.870743,475100401.92402977,139498457.35715362,21740162.75634179,0.0,38301279920.22389,252528219570.814
2019-11-04,166462316878.70947,12605256415.361286,4121622863.9280252,19776848051.26013,3146562744.3421154,1087051308.7704468,468157356.61543334,134166063.64119542,17411647.293791864,0.0,39253317873.59511,247072711203.517
2019-11-11,163364748174.1336,12118028403.945362,4117398151.420176,20575448877.775837,3184267425.43609,1141376747.2010682,453142619.73241234,116398936.40008944,22313461.35303772,0.0,41068966959.51233,246162089756.91
2019-11-18,154842353565.79153,11485721122.725677,4148789272.0322013,20115453047.232784,3161413821.29818,1176315774.562554,445470034.45714325,108804158.38280216,17956963.63422553,0.0,39690474709.727905,235192752469.845
2019-11-25,127004736593.3904,9700436596.469353,4171793760.649098,15555499462.013145,2378501772.478218,919345162.1308022,447384657.05806476,74415235.7998776,19629245.946309626,0.0,31383941577.326733,191655684063.262
2019-12-02,134282440140.98181,9768194189.874327,4113436229.8588967,16445303072.632725,2409083205.8363643,1026212349.8790772,454345623.7352973,81259501.49184832,17984574.83364965,0.0,33537680773.400005,202135939662.524
2019-12-09,136826716822.87526,9971227736.70025,4134401524.2752876,16477448862.78079,2438193526.519694,1009972011.0092852,465123469.2062413,76900527.68491526,18495587.058853857,0.0,33711311222.266422,205129791290.377
2019-12-16,129661328968.67361,9472848132.016142,4126699690.350651,15593818240.33146,2255605581.8961086,951201906.245355,476450258.6521888,76398980.50408769,17588693.60068218,0.0,32482384208.183716,195114324660.454
2019-12-23,136460710737.62898,8520247014.160406,4112109468.2563767,14416402305.13767,2151236105.9768386,890780003.8637127,519813511.1196268,76373443.78646389,17473275.013338022,0.0,31065115940.29059,198230261805.234
2019-12-30,134468662789.64447,8531189139.751885,4129292149.20023,14684041488.782894,2196935466.1656404,888946672.8162209,521668376.24339545,89046900.67716676,17103409.566041306,0.0,31401460362.801056,196928346755.649
2020-01-06,134460377957.16681,8473257516.328491,4138305629.9994197,14872554639.960596,2195989161.23723,901421254.4295715,518286149.8267146,69156543.70866978,17148260.052604925,0.0,32133285926.17589,197779783038.886
2020-01-13,148623400473.72607,9346323847.474318,4635219687.733536,16037333172.10849,2383212538.2884407,979934474.1109164,447745618.17706406,59762133.1658308,24012576.38222692,0.0,36308967245.70511,218845911766.872
2020-01-20,158321623201.4488,10281772080.443586,4630166776.470204,18263491100.68032,2701952125.3950405,1089201135.8381846,436424390.42788965,57719131.64026709,25478617.29372204,0.0,43077886264.37698,238885714824.015
2020-01-27,156499290530.4657,10063517335.927174,4640800499.950625,18402322184.117744,2723077294.1827,1158678938.4877446,448655968.3065725,53536682.0248464,23609092.655730575,0.0,43742268979.17616,237755757505.295
2020-02-03,170004469220.07935,10916971104.5191,4650474557.089267,20621480919.03447,2867191394.6039853,1442276625.3900907,446233612.70966667,58033997.06617443,16699788.069000179,0.0,48619623284.26589,259643454502.827
2020-02-10,184486166163.18625,12349003787.67859,4647607632.824515,25088078486.344303,3785645416.2256317,1600081837.3657684,432893661.9327326,64971506.54514945,29942258.00237235,0.0,57483013344.183685,289967404094.289
2020-02-17,180891431634.31958,12876932507.073584,4649851923.885869,28471676189.488014,3631596767.224652,1609787893.068193,431363298.9190117,73088383.35745697,17585536.164929364,0.0,55379279546.41471,288032593679.916
2020-02-24,180863880750.30246,12377251804.061407,4645808976.120521,30047602661.899357,3550211446.6609473,1594510319.9267943,420930163.8427022,75471656.78835298,59497369.66883433,0.0,55387402723.167625,289022567872.439
2020-03-02,156084173198.82956,9993027451.88224,4655309400.07379,23932587491.131348,2940153119.9140787,1186579368.4088233,439961800.0110159,69478617.6351728,68514798.6061947,0.0,44189867063.062775,243559652309.555
2020-03-09,147951754406.5492,9095080045.129597,4649850615.620308,22522073578.67098,2666339088.750208,1129212280.2999492,461920535.8318049,60239203.99480159,91050004.65547791,0.0,42518039095.57267,231145558855.075
2020-03-16,97469192840.33563,6717749917.264902,4682521402.011643,13704246819.166275,1614667045.5486803,699137174.305343,578964706.029771,41486688.17566232,127456826.54304165,0.0,27264048310.535053,152899471729.916
2020-03-23,105780190268.62915,6584121480.977175,4660709124.932539,13506190366.402466,1735547642.2129204,700992234.2109958,664367563.4813453,37818899.85006347,175689298.43381438,0.0,29508704189.35453,163354331068.485
2020-03-30,108203437915.23332,7188901653.089831,4649860642.437568,13832864229.055079,1770697319.7626817,731764744.0046359,674737949.5658283,39117753.96286074,181847867.53321618,0.0,30721145729.68298,167994375804.328
2020-04-06,124178004966.36812,7883654808.734048,6185000902.761119,15852539294.281101,2135323586.0341413,829288212.6818823,696585098.0272038,47069512.42677873,198236805.4675196,0.0,32548132091.370087,190553835278.152
2020-04-13,127349493899.92056,8353518391.72671,6422260631.804491,17693675903.308674,2234850626.958748,876147392.3449352,708227477.3659658,53609781.13591506,190293731.2839799,0.0,34639183999.97802,198521261835.828
2020-04-20,131681877228.60332,8402387514.14679,6420214611.35929,19996673015.590153,2509021616.605411,927452460.8519343,728853726.7207143,66207056.928244464,206059931.491333,0.0,35937900989.19981,206876648151.497
2020-04-27,141322115947.34253,8658639405.78833,6353334775.824087,21880363407.849167,2547310388.4817033,1190257892.7374933,749144072.0996581,56278970.569773644,194372054.12196106,0.0,38658968927.156296,221610785841.971
2020-05-04,163655471479.58307,9694673473.454493,6381251083.907226,23375998238.171616,2665794120.926102,1272271728.0051563,705941055.183939,55957093.59018718,180791888.56978685,0.0,40959819892.63242,248947970054.024
2020-05-11,161002863406.78168,8737134707.519035,6366002279.441959,20917349495.093616,2376386200.1367183,1236111345.6562777,707271198.4931557,51791985.88629831,177919182.26439497,0.0,38332668965.47286,239905498766.746
2020-05-18,178061835629.24448,8867738762.966244,8801454021.042952,22983067947.057762,2531925693.6820908,1324713822.0121784,706282336.2664434,55103471.55934593,177923745.93265548,0.0,49263415810.724846,272773461240.489
2020-05-25,161099222524.0095,8561329722.44243,8799530164.895864,22288835761.0185,2482185731.160296,1334559800.296262,706480506.1988518,52254919.61840815,178012735.47644034,0.0,39805051220.33545,245307463085.452
2020-06-01,173950651647.76044,8931357080.945787,8800554856.240833,25642611324.366688,2648368063.025994,1918492109.1100876,728462001.7211044,56824244.79708816,171880022.52193806,0.0,43030541652.56604,265879743003.056
2020-06-08,179763960699.07367,8973547745.464619,9208285506.425957,27308254795.650864,2712931908.1538787,2251620266.7415276,734533757.2487261,62016601.711884916,167209336.1376874,10601798.858562183,46187114478.543625,277380076894.011
2020-06-15,172718935758.7432,8450473216.27592,9243143501.821018,26013014519.577267,2589289229.7875443,1986993638.8934681,736275927.6909049,81505292.95906922,164602470.49994794,10148032.246347219,44041513758.65131,266035895347.146
2020-06-22,171164992440.77664,8213975646.289161,9205188323.46813,25515154218.48371,2489965479.6551957,2033505665.5565538,733773105.1158313,81489254.74759103,163930705.11894047,11601426.500526799,44749728848.39672,264363305114.109
2020-06-29,168110009823.14206,7864755575.035899,9192388091.259352,25131103750.31754,2394393848.566483,2082941681.2038522,926380666.4528685,78971409.81455354,165836784.03936887,13758934.052305754,43079544322.67371,259040084886.558
2020-07-06,167093607091.6809,7826862550.108729,9180163152.432346,25426214411.331112,2408459317.6108794,2543484231.195726,1030854428.0705733,79693505.13546012,173816886.9074205,11933797.544103034,44531433280.64475,260306522652.662
2020-07-13,171301164845.18356,8890826517.916164,9171307551.050545,27108242838.358208,2834501833.3735876,3293490686.1051025,1101244552.838295,82702675.25081153,173201219.16316715,17483223.447990235,50616161598.01057,274590327540.698
2020-07-20,169693622626.09238,8821937210.415976,9175344461.168581,26760971548.42343,2804072218.3744583,3211268749.422531,1117273693.8049483,129449214.03595436,184886999.43003452,15814778.235767547,51748561842.75794,273663203342.162
2020-07-27,182723132542.22467,9636371086.07703,9983560492.098413,34725714215.17782,2814416221.0677605,3835779758.647189,1159679924.916705,160753314.81824377,171426127.41068435,26972566.434103377,54614505473.50738,299852311722.38
2020-08-03,203682874498.5348,12866565152.5422,10003179182.761648,41508331002.04207,3016217289.8578806,3457183941.4805813,1088450823.3196054,126610592.18726535,161770887.3289439,29855876.919951536,57941016472.96606,333882055719.941
2020-08-10,215677731899.91626,12947140791.824669,10025687682.815376,43908080747.18144,3243148538.191585,3778021219.611229,1145077546.928327,168026917.1331905,180346320.3680166,45944480.84319286,66178498845.962715,357297704990.776
2020-08-17,219791862272.7593,13701013442.37611,10009356545.160238,48791927826.49658,3397572797.045507,3596239662.218054,1198182224.5543926,231564989.56239027,188734324.19474727,98822143.84713879,75529819265.97655,376535095494.191
2020-08-24,215332195088.36835,12804788553.733713,10028091607.654966,43890316482.32946,3154315654.1538672,3154824025.665843,1350448637.1510494,186367223.12576044,213538787.91709328,103101374.86027353,73301573768.87163,363519561203.832
2020-08-31,216333519498.11148,12750357699.561235,10010888224.336838,48211664393.12497,3419052341.30767,3049711176.409598,1468519984.6422997,205017589.8092869,187384160.60215157,143466790.03974968,77981222838.02373,373760804695.969
2020-09-07,189960683045.26556,10847319383.37107,14152059118.094784,39794578365.00375,3345759293.2314496,2412503158.568688,1728444795.9176295,131843324.93885827,198169605.73360792,103760929.38362868,67821668139.530975,330496789159.04
2020-09-14,190982313860.37103,10872128928.635708,14731562878.074251,41146100470.64105,4440809486.769814,2455119628.185383,1995627521.2365417,119406129.92408867,308417103.0784352,113119113.32160032,69842211396.1951,337006816516.433
2020-09-21,202246809733.18948,11090040691.677708,15256423792.855679,41729572795.25138,3763378480.5507617,2781853450.1433854,2323216140.4944134,119789282.33924,404368278.008148,107230433.40879403,67210534640.447014,347033217718.366
2020-09-28,199423455711.22543,10979587373.705374,15359251634.37276,40378371636.637024,3793227829.658816,3151964402.41976,2533120592.3025217,120761365.22394237,465866296.098294,123576299.63215646,67922649599.46792,344251832740.744
2020-10-05,197611846878.1983,11209850277.730774,15595668496.521233,39805525511.67937,4189171354.744935,2999505616.3928766,2639953272.321319,116617503.13482797,555743939.192526,104387205.91937996,64706205369.74746,339534475425.583
2020-10-12,210888960518.6466,11547266512.716812,15733768011.201803,42326523073.81086,4122718976.8618183,3313075820.7166796,2857247146.819879,124200244.09730372,672814181.570688,102924143.10124712,69010184909.41658,360699683538.96027
2020-10-19,212945049781.73172,10964003648.561342,15829212659.80041,42794912023.967926,4424569729.976981,3342090813.878668,2728230099.236387,121224479.83625421,809748540.786724,96337647.47998267,67071492505.44434,361126871930.70074
2020-10-26,241308512141.24832,11456399734.26149,16285261122.010347,45917606085.9449,4340535469.1984625,3307530412.4086843,2808525116.1073394,119193908.93224075,756279048.14,80214101.15343434,68640718469.18462,395020775608.58984
2020-11-02,255305349076.21912,10894672498.353416,16661986501.624155,45039871160.09848,4123846774.67436,3068570981.9864078,2928661401.2167244,115949224.73383686,709636760.2768949,73543025.65413186,62902419768.36008,401824507173.1976
2020-11-09,287283652683.2034,11532749382.18253,17210765619.470444,51507421226.56278,4115914721.988238,3323510963.383936,2874229912.6072636,117026274.61050467,635157001.4976449,99251735.23792161,67547192973.751366,446246872494.49603
2020-11-16,295393474293.0917,12180298527.248411,17877775624.938194,50682338163.443695,3980272471.7742987,3108699586.941668,2813433524.6595087,118668056.13637368,656572957.69,92823830.70542109,68736405306.14493,455640762342.7742
2020-11-23,341281755223.37067,20379900607.07643,18454362333.68867,63865456389.919495,4342112854.634714,4592628496.368529,2874025497.6794996,133820266.92675059,654969944.961527,99579570.29287551,78030146074.00784,534708757258.927
2020-11-30,338101650909.59454,27633907412.622707,19126341211.48706,65884676076.80504,4359832834.1422205,5211190886.839006,2964756104.8500433,146127589.20882648,682134768.4661809,88568649.77332121,80390133907.29045,544589320351.0794
2020-12-07,360337440869.6686,28235628279.060463,19684183227.731686,68554455904.372734,4262879063.8313046,4943859130.4313965,3073922911.132373,192381603.99859282,703390619.40345,85759024.10031193,83764855119.61868,573838755753.3496
2020-12-14,355209238998.17065,23229915572.975395,19834612788.437298,67031104549.836105,4201864879.57592,4781017433.678272,3241674008.629418,183940785.6690682,690433111.3838401,72430033.2505295,83827427474.09761,562303659635.7041
2020-12-21,433927056339.38354,24960277424.47914,20292809191.16429,72441157127.98206,4859780666.332248,5001337645.380507,3356834844.2431073,186442606.21596456,827965120.863263,71966642.99123198,96330918625.05685,662256546234.0922
2020-12-28,487258425258.87036,12755340515.034035,20728914528.45743,78016259863.50528,4823380198.8058405,4775112589.801246,3582270735.4691963,267309394.603601,813839930.24,60277754.722344205,91104555645.09697,704185686414.6063
2021-01-04,611103883061.6023,10319689764.091797,21340127638.821716,112493433183.74391,6031430219.295733,6461131624.660788,4208356905.508084,320773602.65008336,1157781947.29,104224421.56316598,103049090522.89223,876589922892.1198
2021-01-11,708195321595.2714,14313261757.207052,24227737234.75798,142632073656.41907,6081495234.341637,9357848195.203115,4716577027.782293,407634007.52399176,1160873594.95,900167052.6969572,135712862557.28531,1047705851913.4388
2021-01-18,667028668819.6982,12616412931.278044,24335127608.65566,141283103997.06857,6559448777.440886,12018477233.558279,5062879694.866294,390602788.1881602,1166183698.91547,1005044435.0863482,135585928941.4148,1007051878926.1707
2021-01-25,601651669364.067,12458926071.177841,24855382012.49146,159139478907.86105,6492396896.123756,11051768379.337437,5521619596.81792,440323226.5464331,1224030835.72,954751005.6664197,140099246848.4673,963889593144.2766
2021-02-01,613312434887.7683,21925987498.30327,26451673572.85218,149156035509.13123,6826565468.42992,10666851471.49126,5868887012.246311,702969821.4943104,1478706910.7454839,1107057235.039922,152778717719.22842,990275887106.7306
2021-02-08,722518516768.899,18889797551.887596,28640744464.52725,183497935264.13718,10561874055.806725,20409087357.38615,6439354021.247119,1492137327.5221698,1551577437.249502,1743443948.1071186,188825277615.0242,1184569745811.794
2021-02-15,907623519352.765,26991144347.136276,32030496523.170204,206928063467.8585,21164462421.54985,26707267109.051334,7285531424.541788,2552826097.2241898,1762860122.227413,2284407541.355988,254202713274.11505,1489533291680.9956
2021-02-22,1072121083578.4685,24868365305.971134,34269167488.10008,221808321712.45514,45337991591.21771,34171143759.85769,7738070248.02095,2641658757.804918,2185365101.1331024,2912736129.046873,296057817268.543,1744111720940.6191
2021-03-01,843800279724.5995,18858131201.044754,35051766100.49212,163489570914.62054,32657604002.229668,40941207989.82867,8897561159.08392,2192620562.2897816,2376133876.388646,3444422354.818516,228979733809.7433,1380689031695.1394
2021-03-08,955342689135.7744,21283092862.47225,36469943939.95809,199972340507.07013,37286770851.648026,36424358570.53192,8969243054.457504,3354192105.3810673,3133591756.092825,3631202771.7979016,279329147136.4969,1585196572691.681
2021-03-15,1100069293585.0618,19881457099.228863,38233600023.01573,212242684426.74722,40524707502.20785,33501824104.45829,9276391646.0385,6382365765.239228,3165869941.681534,3872368682.0620418,322641893723.39813,1789792456499.1392
2021-03-22,1071526929279.6742,23521223549.4537,39565060882.35337,205702383097.86816,40852060948.686615,37889740230.51636,9917841160.002542,8891227786.656187,3229639640.50458,3845516025.6892533,336705704928.33575,1781647327529.7407
2021-03-29,1044604471378.814,24932496610.28367,40499745530.79511,194895798810.5891,41417718682.62811,38061575991.15214,10768831917.074358,7323517243.142361,3486951500.5680904,4863846959.591937,347255764105.8441,1758110718730.483
2021-04-05,1098874556066.7537,29177002099.372326,42499295270.09647,241846812911.60452,54301550819.7262,38129607679.899605,10885288493.555725,7111598622.457889,4037106298.955719,6415795312.607819,415723964983.625,1949002578558.655
2021-04-12,1128437856221.562,61833219565.49848,44508879715.78069,249637481539.29276,81371508485.55698,40576259288.48624,11060344545.7572,5797815939.533031,5032128724.263642,7567808861.553932,436838572039.38983,2072661874926.6748
2021-04-19,1046814448218.0908,64220359791.309166,48073162253.77271,257526324621.16852,73480277200.72606,40931017416.055954,11306193465.539274,5062143061.149546,5402503151.011851,8707707854.728106,487980205771.39874,2049504342804.9507
2021-04-26,915066200404.24,46172295778.264565,49959798574.50384,267279574507.50558,77262385453.65387,34633356339.25571,11245351070.314754,6660437615.120681,6977354979.405065,12744053055.22865,396756816870.1563,1824757624647.649
2021-05-03,1058309059403.1953,70602489722.25822,51784088801.18657,341740827525.0736,95422971736.19917,42252514523.18406,14382656454.260595,6706478423.869202,6976837674.590323,12740444945.78311,512848599864.90137,2213766969074.5015
2021-05-10,1090209426707.6116,54047132083.74689,55535634059.30253,453427650587.8354,101635224438.34967,56745167455.69027,14379641006.960682,6555113886.56335,7800335902.963942,12090617548.949717,604092223226.5563,2456518166904.5303
2021-05-17,867104686926.2623,50481195135.57297,58304692199.69413,412876797066.447,85868720257.24208,73783605430.06041,14380484848.824095,6165190811.531926,7797460528.146255,12691548535.05029,579713697733.7616,2169168079472.593
2021-05-24,660305590363.3535,37066765356.411156,59539781894.728584,248898637917.83716,40788910712.924995,43154071025.42658,14386844011.914246,1659559442.6379974,8617977134.12055,6827530516.36606,297249601825.32965,1418495270201.0505
2021-05-31,664797433647.3008,42179371075.922615,61741699857.36095,276056372665.41736,49660029623.55848,50147399170.33178,22421971598.10901,2503455195.0661454,8605225655.403072,7746231907.95105,357866699987.73895,1543725890384.1602
2021-06-07,671105857297.8038,44138087093.74394,62299993476.926636,316220075244.1331,60492737398.99462,53538706880.93689,23003108019.53995,2593587007.331107,9653296087.010298,11536216030.647835,382350897857.77924,1636932562394.8474
2021-06-14,733089662951.4908,41097846625.34368,62571407742.3802,292848691037.20667,56412706103.87765,50015905837.86614,23640318676.963264,2525291555.0537205,9572743097.079021,10607026208.29342,347269096704.38885,1629650696539.9434
2021-06-21,668773312881.0383,35907449636.900955,62636161406.73721,262694218911.09055,52412703685.123116,45846064980.40981,24439765827.707863,2463384885.236351,9461151614.743862,9673629921.695074,317859464646.50543,1492167308397.1885
2021-06-28,651673221700.1503,30143725330.609886,62563932112.4998,231335391490.19632,44701961318.92626,42882264649.92741,25789207777.09036,2265903061.384839,9950257025.903002,8698733063.940302,271609255587.20453,1381613853117.833
2021-07-05,654875820839.3734,31822606089.448692,62343815846.68664,269388313129.48355,46713641449.50448,46165090488.80858,25511324239.651043,2453321704.477097,10676496881.938828,9255991156.19707,307733462462.0576,1466939884287.627
2021-07-12,643078456006.2637,29338032368.04867,62223128478.539,249509446462.20782,49383000459.14078,43185569645.433365,26131617301.812748,3525137476.334199,10699018432.078655,8774097194.191042,287990074023.6265,1413837577847.6765
2021-07-19,595491097121.512,27098001091.320114,62022294312.33755,220895871214.31192,51110865556.440765,37835298622.918686,26651391776.07696,2717960028.2481422,11203435931.891918,7240574621.792384,251765453755.96936,1294032244032.8198
2021-07-26,662221981750.3365,28004344019.095184,61821329084.64882,254401069478.152,50851301401.03733,39229864028.114334,27045238791.33958,3429425293.2595406,11785403064.389055,7647070601.70201,279807739497.3599,1426244767009.4343
2021-08-02,749883353306.2881,33593825863.459877,61889097245.60041,299756464032.3843,56079603073.38406,42180638013.975586,27421185483.304848,4980636514.982933,12227108403.926065,9324380241.975903,307955438383.38324,1605291730562.6653
2021-08-09,825186129786.353,36313779867.77931,62210754006.21174,354795020199.75415,57736574908.12135,45998555954.884254,27688910948.062004,5612091144.390836,12247829359.422735,10328311085.482788,336383392718.16406,1774501349978.6262
2021-08-16,884837176466.84,59895581489.095894,63383681080.787445,387869517708.778,69855406559.47464,69858638030.39532,27647128257.654514,7966021842.30828,12046376800.216831,15255589537.120253,419670208406.4182,2018285326179.0894
2021-08-23,927513388249.6575,57136794993.77034,64686799899.781494,381066593734.4186,75510123978.09294,87505386899.85907,26980208402.815502,11338084802.176517,12287164641.722475,20933067410.946964,438296458090.97687,2103254071104.2183
2021-08-30,915929550642.2723,52940620674.511536,65557905481.69473,377599191829.9751,80562436743.22575,91472906147.08849,27227073900.287365,13391515122.018675,12179314353.993994,27361406759.656445,434032937365.4214,2098254859020.1458
2021-09-06,973484406148.8275,61155942795.72297,66801134448.78579,463592074546.4424,85090831755.05846,93328707381.58498,27798271767.888966,13785846396.793911,12602476015.907742,41333941565.41185,504423419385.4014,2343397052207.826
2021-09-13,867594345441.25,52306296847.917435,68312563436.14614,400419526391.48303,70194086577.12184,82677262520.25803,29221058120.662502,15906172585.787325,12463116606.159086,50978499453.256546,471527347790.96405,2121600275771.006
2021-09-20,888738841804.4756,48796685106.79569,68320965685.51904,391936421521.8012,68718059326.73431,73069595000.12416,29444254033.469273,13190480076.872974,12835716507.340672,45326489781.75363,461769308507.3248,2102146817352.2114
2021-09-27,813105834426.6675,44112772979.90928,68595484621.015175,360122132698.9055,57867188249.482124,70742312506.06094,31091526643.848938,13796993580.624432,13693165867.985453,40391944834.03222,403503347071.61664,1917022703480.1482
2021-10-04,906294464847.2216,49237520634.32285,68040502744.86015,402169257659.5084,72191588193.85864,71981003391.79106,32212436229.276615,17006593086.724165,13101951788.618402,51166763788.391945,460932479389.11115,2144334561753.685
2021-10-11,1027165303573.2286,52880947086.52413,68474478750.95803,399096843515.5582,67460149994.2339,69731447964.64735,33175294463.723736,15593973758.440002,13191976059.403257,43698245171.01206,473487831993.43726,2263956492331.1665
2021-10-18,1161960269770.6792,51331949588.04592,69062139553.45726,454731511807.95245,79102774071.56793,71090033388.84125,32807682252.193527,14585366160.069777,13013065530.083113,48329202670.61261,486118720560.77234,2482132715354.2754
2021-10-25,1146356275069.934,50749473604.40725,69585534137.25978,481996801937.34546,79376814740.057,69743025165.0824,32594883627.224865,16632919617.502388,12865351921.566227,60430417593.93316,498591433513.57745,2518922930927.89
2021-11-01,1155486888639.854,52148426078.023,70290989367.51501,506301266756.098,87556130391.75595,65220378451.25845,33172476916.99941,17133451463.752026,13615403983.265171,61110194414.2589,561435108665.6044,2623470715128.3843
2021-11-08,1198357285045.2302,57946241279.38658,72640443524.2737,547703002354.22394,108321285438.24037,67366388480.482925,34339389888.550697,20170860910.8628,13615993132.083498,75565742374.1649,602811312578.6517,2798837945006.1514
2021-11-15,1242518615761.8267,56309991604.29494,73864141488.2074,549378527793.3194,108913451368.84886,68254035029.08592,34420073719.41656,23037717527.45657,12693234013.736496,72412828069.32408,614599826977.6827,2856402443353.1997
2021-11-22,1106403638081.7468,49615645096.37322,73179578475.23686,503443152591.1182,97207599693.02702,60953934443.61138,36128797601.94221,17366449246.628536,13214968795.406328,69946603840.25462,594245488896.5563,2621705856761.9014
2021-11-29,1085455859458.4081,45875211022.826294,73192721453.92368,511339889556.6342,102634562687.03287,53568370061.19351,38376609695.20246,19767020693.94206,12963045553.850224,61360122579.7109,566425289930.1132,2570958702692.8374
2021-12-06,931832468398.9512,37739938880.64992,75210362137.97256,497058145491.4827,92596213741.23517,45819049616.650955,40903528133.327736,25987660204.95552,13591577700.266973,59714599022.29501,470605868177.4883,2291059411505.276
2021-12-13,948164976218.7858,39864773355.456604,76227088312.44466,491522101084.5693,95411078316.31105,45189889993.487976,41637363232.42968,23498495689.59971,13799076696.276108,53095964900.01077,479245149653.30164,2307655957452.6733
2021-12-20,880597810565.5747,39331604269.554,76302339181.21599,464871981160.0974,88059808356.13483,42217637981.75408,42057449433.610054,28836699176.999283,14378906614.376179,55101478571.2359,453523436169.9176,2185279151480.47
2021-12-27,961618538425.7545,43848407983.78498,78013644494.50261,483971940383.3164,91202794262.04643,48875858730.17575,42358617231.41953,36181002137.87213,14633715548.240358,61390430413.52656,529217179440.09973,2391312129050.739
2022-01-03,894534242962.1992,40760638018.00213,78365464872.52718,454922393842.7393,88534118056.51529,45972554402.20065,42565704993.47987,32423476536.589657,14624390362.50402,54517934089.120766,508742385723.0662,2255963303858.9443
2022-01-10,793912931913.9781,35898629133.58289,78308509338.83258,376058618514.0158,73194642930.22418,39319052009.70178,43655187614.42065,26627011513.15488,14020035187.332348,44029266054.059,444276874640.2488,1969300758849.551
2022-01-17,816823509359.9104,37155568328.68062,78425070339.415,399702839299.3204,83129646360.73459,47510533524.774475,45433506199.716156,31205602951.22339,14441241359.638966,46476749785.21071,478235813197.6585,2078540080706.2832
2022-01-24,684859808413.9619,29827934840.570442,78349225520.72585,301900254595.97046,63107085811.820885,37492313024.15686,47625600122.26836,27998113267.806828,14001772193.621874,31113736729.0106,355874912847.02026,1672150757366.9343
2022-01-31,718419130119.413,28752729341.245872,78151878542.43085,310864527450.9335,62348199889.51898,34826214648.89185,49796409321.9951,18608534729.869785,14993555355.590702,29441613787.915646,369324040046.2857,1715526833234.091
2022-02-07,802582761592.1385,32656058525.9809,77949713407.15283,364698158512.673,69267400036.03452,38294703846.76369,51036317477.90172,22399815286.59953,16508506126.537716,36487684519.20388,422165694167.5579,1934046813498.5442
2022-02-14,798183518205.3665,38611591476.03183,78458488921.59126,343973367023.24646,65751322753.32229,35079003535.655975,52352864679.2004,20532043927.840263,17587047726.256756,29544014226.435406,398286294822.4894,1878359557297.4365
2022-02-21,727064681314.4646,37164941000.28496,79050361959.65054,313522162725.9775,62700202466.71509,31250001463.83013,52565321746.8905,19203054201.68191,18094305807.96877,29023793681.604885,366223959277.8131,1735862785646.882
